<application>
  <component name="CodeFoldingSettings">
    <option name="COLLAPSE_IMPORTS" value="false" />
  </component>
  <component name="CodeVisionSettings">
    <option name="disabledCodeVisionProviderIds">
      <set>
        <option value="vcs.code.vision" />
      </set>
    </option>
  </component>
  <component name="EditorSettings">
    <option name="USE_SOFT_WRAPS" value="CONSOLE" />
  </component>
  <component name="InlayHintsSettings">
    <option name="lastViewedProviderKeyId" value=".vcs.code.vision" />
    <settingsMapElement>
      <kotlin.kotlin.references.types.hints>
        <Settings>
          <option name="localVariableType" value="true" />
        </Settings>
      </kotlin.kotlin.references.types.hints>
    </settingsMapElement>
  </component>
</application>