<application>
  <component name="ProjectJdkTable">
    <jdk version="2">
      <name value="17" />
      <type value="JavaSDK" />
      <version value="java version &quot;17.0.3&quot;" />
      <homePath value="/usr/lib/jvm/java-17-openjdk" />
      <roots>
        <annotationsPath>
          <root type="composite">
            <root url="jar://$APPLICATION_HOME_DIR$/plugins/java/lib/jdkAnnotations.jar!/" type="simple" />
            <root url="jar://$APPLICATION_HOME_DIR$/plugins/java/lib/resources/jdkAnnotations.jar!/" type="simple" />
          </root>
        </annotationsPath>
        <classPath>
          <root type="composite">
            <root url="jrt:///usr/lib/jvm/java-17-openjdk!/java.base" type="simple" />
            <root url="jrt:///usr/lib/jvm/java-17-openjdk!/java.compiler" type="simple" />
            <root url="jrt:///usr/lib/jvm/java-17-openjdk!/java.datatransfer" type="simple" />
            <root url="jrt:///usr/lib/jvm/java-17-openjdk!/java.desktop" type="simple" />
            <root url="jrt:///usr/lib/jvm/java-17-openjdk!/java.instrument" type="simple" />
            <root url="jrt:///usr/lib/jvm/java-17-openjdk!/java.logging" type="simple" />
            <root url="jrt:///usr/lib/jvm/java-17-openjdk!/java.management" type="simple" />
            <root url="jrt:///usr/lib/jvm/java-17-openjdk!/java.management.rmi" type="simple" />
            <root url="jrt:///usr/lib/jvm/java-17-openjdk!/java.naming" type="simple" />
            <root url="jrt:///usr/lib/jvm/java-17-openjdk!/java.net.http" type="simple" />
            <root url="jrt:///usr/lib/jvm/java-17-openjdk!/java.prefs" type="simple" />
            <root url="jrt:///usr/lib/jvm/java-17-openjdk!/java.rmi" type="simple" />
            <root url="jrt:///usr/lib/jvm/java-17-openjdk!/java.scripting" type="simple" />
            <root url="jrt:///usr/lib/jvm/java-17-openjdk!/java.se" type="simple" />
            <root url="jrt:///usr/lib/jvm/java-17-openjdk!/java.security.jgss" type="simple" />
            <root url="jrt:///usr/lib/jvm/java-17-openjdk!/java.security.sasl" type="simple" />
            <root url="jrt:///usr/lib/jvm/java-17-openjdk!/java.smartcardio" type="simple" />
            <root url="jrt:///usr/lib/jvm/java-17-openjdk!/java.sql" type="simple" />
            <root url="jrt:///usr/lib/jvm/java-17-openjdk!/java.sql.rowset" type="simple" />
            <root url="jrt:///usr/lib/jvm/java-17-openjdk!/java.transaction.xa" type="simple" />
            <root url="jrt:///usr/lib/jvm/java-17-openjdk!/java.xml" type="simple" />
            <root url="jrt:///usr/lib/jvm/java-17-openjdk!/java.xml.crypto" type="simple" />
            <root url="jrt:///usr/lib/jvm/java-17-openjdk!/jdk.accessibility" type="simple" />
            <root url="jrt:///usr/lib/jvm/java-17-openjdk!/jdk.attach" type="simple" />
            <root url="jrt:///usr/lib/jvm/java-17-openjdk!/jdk.charsets" type="simple" />
            <root url="jrt:///usr/lib/jvm/java-17-openjdk!/jdk.compiler" type="simple" />
            <root url="jrt:///usr/lib/jvm/java-17-openjdk!/jdk.crypto.cryptoki" type="simple" />
            <root url="jrt:///usr/lib/jvm/java-17-openjdk!/jdk.crypto.ec" type="simple" />
            <root url="jrt:///usr/lib/jvm/java-17-openjdk!/jdk.dynalink" type="simple" />
            <root url="jrt:///usr/lib/jvm/java-17-openjdk!/jdk.editpad" type="simple" />
            <root url="jrt:///usr/lib/jvm/java-17-openjdk!/jdk.hotspot.agent" type="simple" />
            <root url="jrt:///usr/lib/jvm/java-17-openjdk!/jdk.httpserver" type="simple" />
            <root url="jrt:///usr/lib/jvm/java-17-openjdk!/jdk.incubator.foreign" type="simple" />
            <root url="jrt:///usr/lib/jvm/java-17-openjdk!/jdk.incubator.vector" type="simple" />
            <root url="jrt:///usr/lib/jvm/java-17-openjdk!/jdk.internal.ed" type="simple" />
            <root url="jrt:///usr/lib/jvm/java-17-openjdk!/jdk.internal.jvmstat" type="simple" />
            <root url="jrt:///usr/lib/jvm/java-17-openjdk!/jdk.internal.le" type="simple" />
            <root url="jrt:///usr/lib/jvm/java-17-openjdk!/jdk.internal.opt" type="simple" />
            <root url="jrt:///usr/lib/jvm/java-17-openjdk!/jdk.internal.vm.ci" type="simple" />
            <root url="jrt:///usr/lib/jvm/java-17-openjdk!/jdk.internal.vm.compiler" type="simple" />
            <root url="jrt:///usr/lib/jvm/java-17-openjdk!/jdk.internal.vm.compiler.management" type="simple" />
            <root url="jrt:///usr/lib/jvm/java-17-openjdk!/jdk.jartool" type="simple" />
            <root url="jrt:///usr/lib/jvm/java-17-openjdk!/jdk.javadoc" type="simple" />
            <root url="jrt:///usr/lib/jvm/java-17-openjdk!/jdk.jcmd" type="simple" />
            <root url="jrt:///usr/lib/jvm/java-17-openjdk!/jdk.jconsole" type="simple" />
            <root url="jrt:///usr/lib/jvm/java-17-openjdk!/jdk.jdeps" type="simple" />
            <root url="jrt:///usr/lib/jvm/java-17-openjdk!/jdk.jdi" type="simple" />
            <root url="jrt:///usr/lib/jvm/java-17-openjdk!/jdk.jdwp.agent" type="simple" />
            <root url="jrt:///usr/lib/jvm/java-17-openjdk!/jdk.jfr" type="simple" />
            <root url="jrt:///usr/lib/jvm/java-17-openjdk!/jdk.jlink" type="simple" />
            <root url="jrt:///usr/lib/jvm/java-17-openjdk!/jdk.jpackage" type="simple" />
            <root url="jrt:///usr/lib/jvm/java-17-openjdk!/jdk.jshell" type="simple" />
            <root url="jrt:///usr/lib/jvm/java-17-openjdk!/jdk.jsobject" type="simple" />
            <root url="jrt:///usr/lib/jvm/java-17-openjdk!/jdk.jstatd" type="simple" />
            <root url="jrt:///usr/lib/jvm/java-17-openjdk!/jdk.localedata" type="simple" />
            <root url="jrt:///usr/lib/jvm/java-17-openjdk!/jdk.management" type="simple" />
            <root url="jrt:///usr/lib/jvm/java-17-openjdk!/jdk.management.agent" type="simple" />
            <root url="jrt:///usr/lib/jvm/java-17-openjdk!/jdk.management.jfr" type="simple" />
            <root url="jrt:///usr/lib/jvm/java-17-openjdk!/jdk.naming.dns" type="simple" />
            <root url="jrt:///usr/lib/jvm/java-17-openjdk!/jdk.naming.rmi" type="simple" />
            <root url="jrt:///usr/lib/jvm/java-17-openjdk!/jdk.net" type="simple" />
            <root url="jrt:///usr/lib/jvm/java-17-openjdk!/jdk.nio.mapmode" type="simple" />
            <root url="jrt:///usr/lib/jvm/java-17-openjdk!/jdk.random" type="simple" />
            <root url="jrt:///usr/lib/jvm/java-17-openjdk!/jdk.sctp" type="simple" />
            <root url="jrt:///usr/lib/jvm/java-17-openjdk!/jdk.security.auth" type="simple" />
            <root url="jrt:///usr/lib/jvm/java-17-openjdk!/jdk.security.jgss" type="simple" />
            <root url="jrt:///usr/lib/jvm/java-17-openjdk!/jdk.unsupported" type="simple" />
            <root url="jrt:///usr/lib/jvm/java-17-openjdk!/jdk.unsupported.desktop" type="simple" />
            <root url="jrt:///usr/lib/jvm/java-17-openjdk!/jdk.xml.dom" type="simple" />
            <root url="jrt:///usr/lib/jvm/java-17-openjdk!/jdk.zipfs" type="simple" />
          </root>
        </classPath>
        <javadocPath>
          <root type="composite">
            <root url="https://docs.oracle.com/en/java/javase/17/docs/api/" type="simple" />
          </root>
        </javadocPath>
        <sourcePath>
          <root type="composite" />
        </sourcePath>
      </roots>
      <additional />
    </jdk>
    <jdk version="2">
      <name value="Kotlin SDK" />
      <type value="KotlinSDK" />
      <version value="1.6.10-release-961" />
      <homePath value="$KOTLIN_BUNDLED$" />
      <roots>
        <annotationsPath>
          <root type="composite" />
        </annotationsPath>
        <classPath>
          <root type="composite" />
        </classPath>
        <javadocPath>
          <root type="composite" />
        </javadocPath>
        <sourcePath>
          <root type="composite" />
        </sourcePath>
      </roots>
      <additional />
    </jdk>
    <jdk version="2">
      <name value="18" />
      <type value="JavaSDK" />
      <version value="version 18.0.1" />
      <homePath value="/usr/lib/jvm/java-18-openjdk" />
      <roots>
        <annotationsPath>
          <root type="composite">
            <root url="jar://$APPLICATION_HOME_DIR$/plugins/java/lib/resources/jdkAnnotations.jar!/" type="simple" />
          </root>
        </annotationsPath>
        <classPath>
          <root type="composite">
            <root url="jrt:///usr/lib/jvm/java-18-openjdk!/java.base" type="simple" />
            <root url="jrt:///usr/lib/jvm/java-18-openjdk!/java.compiler" type="simple" />
            <root url="jrt:///usr/lib/jvm/java-18-openjdk!/java.datatransfer" type="simple" />
            <root url="jrt:///usr/lib/jvm/java-18-openjdk!/java.desktop" type="simple" />
            <root url="jrt:///usr/lib/jvm/java-18-openjdk!/java.instrument" type="simple" />
            <root url="jrt:///usr/lib/jvm/java-18-openjdk!/java.logging" type="simple" />
            <root url="jrt:///usr/lib/jvm/java-18-openjdk!/java.management" type="simple" />
            <root url="jrt:///usr/lib/jvm/java-18-openjdk!/java.management.rmi" type="simple" />
            <root url="jrt:///usr/lib/jvm/java-18-openjdk!/java.naming" type="simple" />
            <root url="jrt:///usr/lib/jvm/java-18-openjdk!/java.net.http" type="simple" />
            <root url="jrt:///usr/lib/jvm/java-18-openjdk!/java.prefs" type="simple" />
            <root url="jrt:///usr/lib/jvm/java-18-openjdk!/java.rmi" type="simple" />
            <root url="jrt:///usr/lib/jvm/java-18-openjdk!/java.scripting" type="simple" />
            <root url="jrt:///usr/lib/jvm/java-18-openjdk!/java.se" type="simple" />
            <root url="jrt:///usr/lib/jvm/java-18-openjdk!/java.security.jgss" type="simple" />
            <root url="jrt:///usr/lib/jvm/java-18-openjdk!/java.security.sasl" type="simple" />
            <root url="jrt:///usr/lib/jvm/java-18-openjdk!/java.smartcardio" type="simple" />
            <root url="jrt:///usr/lib/jvm/java-18-openjdk!/java.sql" type="simple" />
            <root url="jrt:///usr/lib/jvm/java-18-openjdk!/java.sql.rowset" type="simple" />
            <root url="jrt:///usr/lib/jvm/java-18-openjdk!/java.transaction.xa" type="simple" />
            <root url="jrt:///usr/lib/jvm/java-18-openjdk!/java.xml" type="simple" />
            <root url="jrt:///usr/lib/jvm/java-18-openjdk!/java.xml.crypto" type="simple" />
            <root url="jrt:///usr/lib/jvm/java-18-openjdk!/jdk.accessibility" type="simple" />
            <root url="jrt:///usr/lib/jvm/java-18-openjdk!/jdk.attach" type="simple" />
            <root url="jrt:///usr/lib/jvm/java-18-openjdk!/jdk.charsets" type="simple" />
            <root url="jrt:///usr/lib/jvm/java-18-openjdk!/jdk.compiler" type="simple" />
            <root url="jrt:///usr/lib/jvm/java-18-openjdk!/jdk.crypto.cryptoki" type="simple" />
            <root url="jrt:///usr/lib/jvm/java-18-openjdk!/jdk.crypto.ec" type="simple" />
            <root url="jrt:///usr/lib/jvm/java-18-openjdk!/jdk.dynalink" type="simple" />
            <root url="jrt:///usr/lib/jvm/java-18-openjdk!/jdk.editpad" type="simple" />
            <root url="jrt:///usr/lib/jvm/java-18-openjdk!/jdk.hotspot.agent" type="simple" />
            <root url="jrt:///usr/lib/jvm/java-18-openjdk!/jdk.httpserver" type="simple" />
            <root url="jrt:///usr/lib/jvm/java-18-openjdk!/jdk.incubator.foreign" type="simple" />
            <root url="jrt:///usr/lib/jvm/java-18-openjdk!/jdk.incubator.vector" type="simple" />
            <root url="jrt:///usr/lib/jvm/java-18-openjdk!/jdk.internal.ed" type="simple" />
            <root url="jrt:///usr/lib/jvm/java-18-openjdk!/jdk.internal.jvmstat" type="simple" />
            <root url="jrt:///usr/lib/jvm/java-18-openjdk!/jdk.internal.le" type="simple" />
            <root url="jrt:///usr/lib/jvm/java-18-openjdk!/jdk.internal.opt" type="simple" />
            <root url="jrt:///usr/lib/jvm/java-18-openjdk!/jdk.internal.vm.ci" type="simple" />
            <root url="jrt:///usr/lib/jvm/java-18-openjdk!/jdk.internal.vm.compiler" type="simple" />
            <root url="jrt:///usr/lib/jvm/java-18-openjdk!/jdk.internal.vm.compiler.management" type="simple" />
            <root url="jrt:///usr/lib/jvm/java-18-openjdk!/jdk.jartool" type="simple" />
            <root url="jrt:///usr/lib/jvm/java-18-openjdk!/jdk.javadoc" type="simple" />
            <root url="jrt:///usr/lib/jvm/java-18-openjdk!/jdk.jcmd" type="simple" />
            <root url="jrt:///usr/lib/jvm/java-18-openjdk!/jdk.jconsole" type="simple" />
            <root url="jrt:///usr/lib/jvm/java-18-openjdk!/jdk.jdeps" type="simple" />
            <root url="jrt:///usr/lib/jvm/java-18-openjdk!/jdk.jdi" type="simple" />
            <root url="jrt:///usr/lib/jvm/java-18-openjdk!/jdk.jdwp.agent" type="simple" />
            <root url="jrt:///usr/lib/jvm/java-18-openjdk!/jdk.jfr" type="simple" />
            <root url="jrt:///usr/lib/jvm/java-18-openjdk!/jdk.jlink" type="simple" />
            <root url="jrt:///usr/lib/jvm/java-18-openjdk!/jdk.jpackage" type="simple" />
            <root url="jrt:///usr/lib/jvm/java-18-openjdk!/jdk.jshell" type="simple" />
            <root url="jrt:///usr/lib/jvm/java-18-openjdk!/jdk.jsobject" type="simple" />
            <root url="jrt:///usr/lib/jvm/java-18-openjdk!/jdk.jstatd" type="simple" />
            <root url="jrt:///usr/lib/jvm/java-18-openjdk!/jdk.localedata" type="simple" />
            <root url="jrt:///usr/lib/jvm/java-18-openjdk!/jdk.management" type="simple" />
            <root url="jrt:///usr/lib/jvm/java-18-openjdk!/jdk.management.agent" type="simple" />
            <root url="jrt:///usr/lib/jvm/java-18-openjdk!/jdk.management.jfr" type="simple" />
            <root url="jrt:///usr/lib/jvm/java-18-openjdk!/jdk.naming.dns" type="simple" />
            <root url="jrt:///usr/lib/jvm/java-18-openjdk!/jdk.naming.rmi" type="simple" />
            <root url="jrt:///usr/lib/jvm/java-18-openjdk!/jdk.net" type="simple" />
            <root url="jrt:///usr/lib/jvm/java-18-openjdk!/jdk.nio.mapmode" type="simple" />
            <root url="jrt:///usr/lib/jvm/java-18-openjdk!/jdk.random" type="simple" />
            <root url="jrt:///usr/lib/jvm/java-18-openjdk!/jdk.sctp" type="simple" />
            <root url="jrt:///usr/lib/jvm/java-18-openjdk!/jdk.security.auth" type="simple" />
            <root url="jrt:///usr/lib/jvm/java-18-openjdk!/jdk.security.jgss" type="simple" />
            <root url="jrt:///usr/lib/jvm/java-18-openjdk!/jdk.unsupported" type="simple" />
            <root url="jrt:///usr/lib/jvm/java-18-openjdk!/jdk.unsupported.desktop" type="simple" />
            <root url="jrt:///usr/lib/jvm/java-18-openjdk!/jdk.xml.dom" type="simple" />
            <root url="jrt:///usr/lib/jvm/java-18-openjdk!/jdk.zipfs" type="simple" />
          </root>
        </classPath>
        <javadocPath>
          <root type="composite">
            <root url="https://download.java.net/java/early_access/jdk18/docs/api/" type="simple" />
          </root>
        </javadocPath>
        <sourcePath>
          <root type="composite" />
        </sourcePath>
      </roots>
      <additional />
    </jdk>
    <jdk version="2">
      <name value="11" />
      <type value="JavaSDK" />
      <version value="version 11.0.15" />
      <homePath value="/usr/lib/jvm/java-11-openjdk" />
      <roots>
        <annotationsPath>
          <root type="composite">
            <root url="jar://$APPLICATION_HOME_DIR$/plugins/java/lib/resources/jdkAnnotations.jar!/" type="simple" />
          </root>
        </annotationsPath>
        <classPath>
          <root type="composite">
            <root url="jrt:///usr/lib/jvm/java-11-openjdk!/java.base" type="simple" />
            <root url="jrt:///usr/lib/jvm/java-11-openjdk!/java.compiler" type="simple" />
            <root url="jrt:///usr/lib/jvm/java-11-openjdk!/java.datatransfer" type="simple" />
            <root url="jrt:///usr/lib/jvm/java-11-openjdk!/java.desktop" type="simple" />
            <root url="jrt:///usr/lib/jvm/java-11-openjdk!/java.instrument" type="simple" />
            <root url="jrt:///usr/lib/jvm/java-11-openjdk!/java.logging" type="simple" />
            <root url="jrt:///usr/lib/jvm/java-11-openjdk!/java.management" type="simple" />
            <root url="jrt:///usr/lib/jvm/java-11-openjdk!/java.management.rmi" type="simple" />
            <root url="jrt:///usr/lib/jvm/java-11-openjdk!/java.naming" type="simple" />
            <root url="jrt:///usr/lib/jvm/java-11-openjdk!/java.net.http" type="simple" />
            <root url="jrt:///usr/lib/jvm/java-11-openjdk!/java.prefs" type="simple" />
            <root url="jrt:///usr/lib/jvm/java-11-openjdk!/java.rmi" type="simple" />
            <root url="jrt:///usr/lib/jvm/java-11-openjdk!/java.scripting" type="simple" />
            <root url="jrt:///usr/lib/jvm/java-11-openjdk!/java.se" type="simple" />
            <root url="jrt:///usr/lib/jvm/java-11-openjdk!/java.security.jgss" type="simple" />
            <root url="jrt:///usr/lib/jvm/java-11-openjdk!/java.security.sasl" type="simple" />
            <root url="jrt:///usr/lib/jvm/java-11-openjdk!/java.smartcardio" type="simple" />
            <root url="jrt:///usr/lib/jvm/java-11-openjdk!/java.sql" type="simple" />
            <root url="jrt:///usr/lib/jvm/java-11-openjdk!/java.sql.rowset" type="simple" />
            <root url="jrt:///usr/lib/jvm/java-11-openjdk!/java.transaction.xa" type="simple" />
            <root url="jrt:///usr/lib/jvm/java-11-openjdk!/java.xml" type="simple" />
            <root url="jrt:///usr/lib/jvm/java-11-openjdk!/java.xml.crypto" type="simple" />
            <root url="jrt:///usr/lib/jvm/java-11-openjdk!/jdk.accessibility" type="simple" />
            <root url="jrt:///usr/lib/jvm/java-11-openjdk!/jdk.aot" type="simple" />
            <root url="jrt:///usr/lib/jvm/java-11-openjdk!/jdk.attach" type="simple" />
            <root url="jrt:///usr/lib/jvm/java-11-openjdk!/jdk.charsets" type="simple" />
            <root url="jrt:///usr/lib/jvm/java-11-openjdk!/jdk.compiler" type="simple" />
            <root url="jrt:///usr/lib/jvm/java-11-openjdk!/jdk.crypto.cryptoki" type="simple" />
            <root url="jrt:///usr/lib/jvm/java-11-openjdk!/jdk.crypto.ec" type="simple" />
            <root url="jrt:///usr/lib/jvm/java-11-openjdk!/jdk.dynalink" type="simple" />
            <root url="jrt:///usr/lib/jvm/java-11-openjdk!/jdk.editpad" type="simple" />
            <root url="jrt:///usr/lib/jvm/java-11-openjdk!/jdk.hotspot.agent" type="simple" />
            <root url="jrt:///usr/lib/jvm/java-11-openjdk!/jdk.httpserver" type="simple" />
            <root url="jrt:///usr/lib/jvm/java-11-openjdk!/jdk.internal.ed" type="simple" />
            <root url="jrt:///usr/lib/jvm/java-11-openjdk!/jdk.internal.jvmstat" type="simple" />
            <root url="jrt:///usr/lib/jvm/java-11-openjdk!/jdk.internal.le" type="simple" />
            <root url="jrt:///usr/lib/jvm/java-11-openjdk!/jdk.internal.opt" type="simple" />
            <root url="jrt:///usr/lib/jvm/java-11-openjdk!/jdk.internal.vm.ci" type="simple" />
            <root url="jrt:///usr/lib/jvm/java-11-openjdk!/jdk.internal.vm.compiler" type="simple" />
            <root url="jrt:///usr/lib/jvm/java-11-openjdk!/jdk.internal.vm.compiler.management" type="simple" />
            <root url="jrt:///usr/lib/jvm/java-11-openjdk!/jdk.jartool" type="simple" />
            <root url="jrt:///usr/lib/jvm/java-11-openjdk!/jdk.javadoc" type="simple" />
            <root url="jrt:///usr/lib/jvm/java-11-openjdk!/jdk.jcmd" type="simple" />
            <root url="jrt:///usr/lib/jvm/java-11-openjdk!/jdk.jconsole" type="simple" />
            <root url="jrt:///usr/lib/jvm/java-11-openjdk!/jdk.jdeps" type="simple" />
            <root url="jrt:///usr/lib/jvm/java-11-openjdk!/jdk.jdi" type="simple" />
            <root url="jrt:///usr/lib/jvm/java-11-openjdk!/jdk.jdwp.agent" type="simple" />
            <root url="jrt:///usr/lib/jvm/java-11-openjdk!/jdk.jfr" type="simple" />
            <root url="jrt:///usr/lib/jvm/java-11-openjdk!/jdk.jlink" type="simple" />
            <root url="jrt:///usr/lib/jvm/java-11-openjdk!/jdk.jshell" type="simple" />
            <root url="jrt:///usr/lib/jvm/java-11-openjdk!/jdk.jsobject" type="simple" />
            <root url="jrt:///usr/lib/jvm/java-11-openjdk!/jdk.jstatd" type="simple" />
            <root url="jrt:///usr/lib/jvm/java-11-openjdk!/jdk.localedata" type="simple" />
            <root url="jrt:///usr/lib/jvm/java-11-openjdk!/jdk.management" type="simple" />
            <root url="jrt:///usr/lib/jvm/java-11-openjdk!/jdk.management.agent" type="simple" />
            <root url="jrt:///usr/lib/jvm/java-11-openjdk!/jdk.management.jfr" type="simple" />
            <root url="jrt:///usr/lib/jvm/java-11-openjdk!/jdk.naming.dns" type="simple" />
            <root url="jrt:///usr/lib/jvm/java-11-openjdk!/jdk.naming.ldap" type="simple" />
            <root url="jrt:///usr/lib/jvm/java-11-openjdk!/jdk.naming.rmi" type="simple" />
            <root url="jrt:///usr/lib/jvm/java-11-openjdk!/jdk.net" type="simple" />
            <root url="jrt:///usr/lib/jvm/java-11-openjdk!/jdk.pack" type="simple" />
            <root url="jrt:///usr/lib/jvm/java-11-openjdk!/jdk.rmic" type="simple" />
            <root url="jrt:///usr/lib/jvm/java-11-openjdk!/jdk.scripting.nashorn" type="simple" />
            <root url="jrt:///usr/lib/jvm/java-11-openjdk!/jdk.scripting.nashorn.shell" type="simple" />
            <root url="jrt:///usr/lib/jvm/java-11-openjdk!/jdk.sctp" type="simple" />
            <root url="jrt:///usr/lib/jvm/java-11-openjdk!/jdk.security.auth" type="simple" />
            <root url="jrt:///usr/lib/jvm/java-11-openjdk!/jdk.security.jgss" type="simple" />
            <root url="jrt:///usr/lib/jvm/java-11-openjdk!/jdk.unsupported" type="simple" />
            <root url="jrt:///usr/lib/jvm/java-11-openjdk!/jdk.unsupported.desktop" type="simple" />
            <root url="jrt:///usr/lib/jvm/java-11-openjdk!/jdk.xml.dom" type="simple" />
            <root url="jrt:///usr/lib/jvm/java-11-openjdk!/jdk.zipfs" type="simple" />
          </root>
        </classPath>
        <javadocPath>
          <root type="composite">
            <root url="https://docs.oracle.com/en/java/javase/11/docs/api/" type="simple" />
          </root>
        </javadocPath>
        <sourcePath>
          <root type="composite" />
        </sourcePath>
      </roots>
      <additional />
    </jdk>
    <jdk version="2">
      <name value="1.8" />
      <type value="JavaSDK" />
      <version value="version 1.8.0_332" />
      <homePath value="/usr/lib/jvm/java-8-openjdk" />
      <roots>
        <annotationsPath>
          <root type="composite">
            <root url="jar://$APPLICATION_HOME_DIR$/plugins/java/lib/resources/jdkAnnotations.jar!/" type="simple" />
          </root>
        </annotationsPath>
        <classPath>
          <root type="composite">
            <root url="jar:///usr/lib/jvm/java-8-openjdk/jre/lib/charsets.jar!/" type="simple" />
            <root url="jar:///usr/lib/jvm/java-8-openjdk/jre/lib/ext/cldrdata.jar!/" type="simple" />
            <root url="jar:///usr/lib/jvm/java-8-openjdk/jre/lib/ext/dnsns.jar!/" type="simple" />
            <root url="jar:///usr/lib/jvm/java-8-openjdk/jre/lib/ext/jaccess.jar!/" type="simple" />
            <root url="jar:///usr/lib/jvm/java-8-openjdk/jre/lib/ext/localedata.jar!/" type="simple" />
            <root url="jar:///usr/lib/jvm/java-8-openjdk/jre/lib/ext/nashorn.jar!/" type="simple" />
            <root url="jar:///usr/lib/jvm/java-8-openjdk/jre/lib/ext/sunec.jar!/" type="simple" />
            <root url="jar:///usr/lib/jvm/java-8-openjdk/jre/lib/ext/sunjce_provider.jar!/" type="simple" />
            <root url="jar:///usr/lib/jvm/java-8-openjdk/jre/lib/ext/sunpkcs11.jar!/" type="simple" />
            <root url="jar:///usr/lib/jvm/java-8-openjdk/jre/lib/ext/zipfs.jar!/" type="simple" />
            <root url="jar:///usr/lib/jvm/java-8-openjdk/jre/lib/jce.jar!/" type="simple" />
            <root url="jar:///usr/lib/jvm/java-8-openjdk/jre/lib/jfr.jar!/" type="simple" />
            <root url="jar:///usr/lib/jvm/java-8-openjdk/jre/lib/jsse.jar!/" type="simple" />
            <root url="jar:///usr/lib/jvm/java-8-openjdk/jre/lib/management-agent.jar!/" type="simple" />
            <root url="jar:///usr/lib/jvm/java-8-openjdk/jre/lib/resources.jar!/" type="simple" />
            <root url="jar:///usr/lib/jvm/java-8-openjdk/jre/lib/rt.jar!/" type="simple" />
          </root>
        </classPath>
        <javadocPath>
          <root type="composite">
            <root url="https://docs.oracle.com/javase/8/docs/api/" type="simple" />
          </root>
        </javadocPath>
        <sourcePath>
          <root type="composite">
            <root url="jar:///usr/lib/jvm/java-8-openjdk/src.zip!/" type="simple" />
          </root>
        </sourcePath>
      </roots>
      <additional />
    </jdk>
  </component>
</application>